{
  "description": {
    "title": "",
    "text": ""
  },
  "links_1": {
    "list_pages": true,
    "title": "Páginas",
    "list": []
  },
  "links_2": {
    "list_categories": true,
    "title": "Categorias",
    "list": []
  },
  "contacts": {
    "title": "Contatos",
    "phone_wpp": true,
    "socials": true,
    "email": true,
    "address": true
  },
  "stamps": [
    {
      "src": "/img/uploads/logo-site-lojo-photoroom.png",
      "alt": "Secure connection"
    },
    {
      "src": "/img/uploads/logo-mk-com-cpu-com-corte-e-sem-funto.png"
    },
    {
      "src": "/img/uploads/revenger-ai-brush-removebg-jt2blohf.png"
    },
    {
      "src": "/img/uploads/gt.png"
    },
    {
      "src": "/img/uploads/logo_knup__-removebg-preview.png"
    },
    {
      "src": "/img/uploads/logo-hyon.png"
    },
    {
      "src": "/img/uploads/241c8567fd-photoroom.png"
    },
    {
      "src": "/img/uploads/redragonlogo.webp"
    }
  ],
  "payment_methods": {
    "bb": true,
    "visa": true,
    "boleto": true,
    "aura": false,
    "banrisul": false,
    "elo": true,
    "hipercard": false,
    "hsbc": false,
    "bradesco": true,
    "santander": false,
    "mastercard": true,
    "citibank": false,
    "mais": false,
    "itau": true
  },
  "credits": ""
}