{
  "marketing_stripe": {
    "text": "😍 𝐂𝐎𝐌𝐏𝐑𝐄 𝐍𝐎 𝐒𝐈𝐓𝐄 𝐄 𝐑𝐄𝐓𝐈𝐑𝐄 𝐍𝐀 𝐋𝐎𝐉𝐀   |  𝐓𝐄𝐑𝐌𝐎𝐒 𝐎 𝐌𝐄𝐋𝐇𝐎𝐑 𝐂𝐔𝐒𝐓𝐎 𝐁𝐄𝐍𝐄𝐅𝐈𝐂𝐈𝐎 𝐃𝐀 𝐂𝐈𝐃𝐀𝐃𝐄 🤩",
    "link": "/promotionmkmk",
    "color": "#f6f2f2",
    "background": "#000000"
  },
  "contacts_stripe": {
    "pages": [
      {
        "title": "Termos de Garantia",
        "link": "/pages/faq"
      }
    ],
    "phone_wpp": true,
    "socials": true
  },
  "categories_list": {
    "featured": [],
    "random": 6,
    "full_width": false
  },
  "desktop_megamenu": false,
  "search_input": true,
  "alphabetical_order_submenu": true,
  "full_width_submenu": true
}