{
  "meta_title": "",
  "meta_description": "",
  "sections": [
    {
      "type": "banner-slider",
      "autoplay": 4501,
      "full_width": false,
      "slides": [
        {
          "start": "",
          "end": "",
          "img": "/img/uploads/placa-de-video-rx580-8gb-gddr5-256-bits-1-.jpg"
        },
        {
          "start": "",
          "end": "",
          "img": "/img/uploads/monitor-19p-valor-194-99.jpg"
        },
        {
          "start": "",
          "end": "",
          "img": "/img/uploads/teclado-e-mouse-gamer-banner-3-.jpg"
        },
        {
          "start": "",
          "end": "",
          "img": "/img/uploads/ssd-120gb-banner.jpg"
        }
      ]
    },
    {
      "type": "info-bar",
      "enabled": true
    },
    {
      "type": "collection-shelf",
      "shuffle": true,
      "collection_id": null,
      "sort": "offers",
      "title": "",
      "headless": false,
      "limit": 12,
      "page": 1
    },
    {
      "type": "page-title",
      "title": "🛒𝐂𝐎𝐌𝐏𝐑𝐄 𝐍𝐎 𝐒𝐈𝐓𝐄 𝐑𝐄𝐓𝐈𝐑𝐄 𝐍𝐀 𝐋𝐎𝐉𝐀 𝐅𝐈𝐒𝐈𝐂𝐀. 𝐑𝐀𝐏𝐈𝐃𝐎 𝐒𝐈𝐌𝐏𝐋𝐄𝐒 𝐄 𝐒𝐄𝐆𝐔𝐑𝐎😍🏃🏾‍♂️",
      "description": ""
    }
  ]
}