{
  "shipping": {
    "show": true,
    "text": "",
    "title": "𝐄𝐍𝐓𝐑𝐄𝐆𝐀𝐒 𝐅𝐔𝐋𝐋 𝐅𝐎𝐑𝐓𝐀𝐋𝐄𝐙𝐀-𝐂𝐄 𝐄𝐍𝐕𝐈𝐀𝐌𝐎𝐒 𝐏/𝐓𝐎𝐃𝐎 𝐁𝐑𝐀𝐒𝐈𝐋 "
  },
  "installments": {
    "show": true,
    "text": "",
    "title": "𝟏𝟎% 𝐃𝐄 𝐃𝐄𝐒𝐂𝐎𝐍𝐓𝐎 𝐄𝐌 𝐏𝐀𝐆𝐀𝐌𝐄𝐍𝐓𝐎𝐒 𝐄𝐌 𝗗𝗜𝗡𝗛𝗘𝗜𝗥𝗢💵"
  },
  "exchange": {
    "show": true,
    "text": "𝗚𝗔𝗥𝗔𝗡𝗧𝗜𝗔 𝗣𝗥𝗢́𝗣𝗥𝗜𝗔 𝗗𝗢𝗦 𝗣𝗥𝗢𝗗𝗨𝗧𝗢𝗦 𝗘 𝗦𝗘𝗥𝗩𝗜𝗖̧𝗢𝗦: 𝟵𝟬 𝗗𝗜𝗔𝗦. 𝗗𝗜𝗥𝗘𝗧𝗢 𝗡𝗔 𝗟𝗢𝗝𝗔"
  },
  "promo": {
    "show": true,
    "text": "𝐌𝐔𝐈𝐓𝐀𝐒 𝐎𝐅𝐄𝐑𝐓𝐀𝐒 𝐀𝐎 𝐋𝐎𝐍𝐆𝐎 𝐃𝐎 𝐀𝐍𝐎."
  }
}